year,month,state,deaths
2010,1,AC,79
2010,1,AL,557
2010,1,AP,149
2010,1,BA,666
2010,1,CE,146
2010,1,DF,922
2010,1,ES,1789
2010,1,GO,1142
2010,1,MA,93
2010,1,MT,653
2010,1,MS,360
2010,1,MG,9047
2010,1,PA,61
2010,1,PB,505
2010,1,PR,5164
2010,1,PE,4235
2010,1,PI,34
2010,1,RJ,1732
2010,1,RN,156
2010,1,RS,1837
2010,1,RO,420
2010,1,RR,78
2010,1,SC,2150
2010,1,SP,21268
2010,1,SE,623
2010,1,TO,87
2010,2,AC,74
2010,2,AL,496
2010,2,AP,149
2010,2,BA,471
2010,2,CE,144
2010,2,DF,966
2010,2,ES,1514
2010,2,GO,1366
2010,2,MA,77
2010,2,MT,551
2010,2,MS,355
2010,2,MG,8282
2010,2,PA,60
2010,2,PB,439
2010,2,PR,5265
2010,2,PE,3953
2010,2,PI,24
2010,2,RJ,1636
2010,2,RN,163
2010,2,RS,2000
2010,2,RO,337
2010,2,RR,67
2010,2,SC,2258
2010,2,SP,20327
2010,2,SE,495
2010,2,TO,148
2010,3,AC,125
2010,3,AL,569
2010,3,AP,169
2010,3,AM,5
2010,3,BA,591
2010,3,CE,197
2010,3,DF,1096
2010,3,ES,1865
2010,3,GO,1204
2010,3,MA,118
2010,3,MT,651
2010,3,MS,377
2010,3,MG,9684
2010,3,PA,87
2010,3,PB,529
2010,3,PR,5981
2010,3,PE,4488
2010,3,PI,30
2010,3,RJ,1652
2010,3,RN,171
2010,3,RS,2026
2010,3,RO,326
2010,3,RR,84
2010,3,SC,2207
2010,3,SP,22875
2010,3,SE,615
2010,3,TO,141
2010,4,AC,144
2010,4,AL,485
2010,4,AP,177
2010,4,AM,2
2010,4,BA,1174
2010,4,CE,182
2010,4,DF,1087
2010,4,ES,1593
2010,4,GO,1468
2010,4,MA,100
2010,4,MT,640
2010,4,MS,373
2010,4,MG,9435
2010,4,PA,89
2010,4,PB,427
2010,4,PR,5397
2010,4,PE,4130
2010,4,PI,24
2010,4,RJ,1535
2010,4,RN,175
2010,4,RS,1973
2010,4,RO,453
2010,4,RR,80
2010,4,SC,2116
2010,4,SP,21458
2010,4,SE,594
2010,4,TO,133
2010,5,AC,131
2010,5,AL,587
2010,5,AP,157
2010,5,BA,347
2010,5,CE,161
2010,5,DF,1152
2010,5,ES,1681
2010,5,GO,1342
2010,5,MA,160
2010,5,MT,667
2010,5,MS,380
2010,5,MG,9439
2010,5,PA,86
2010,5,PB,425
2010,5,PR,5838
2010,5,PE,4303
2010,5,PI,21
2010,5,RJ,1661
2010,5,RN,189
2010,5,RS,2116
2010,5,RO,446
2010,5,RR,83
2010,5,SC,2193
2010,5,SP,21659
2010,5,SE,641
2010,5,TO,138
2010,6,AC,155
2010,6,AL,580
2010,6,AP,156
2010,6,AM,2
2010,6,BA,438
2010,6,CE,182
2010,6,DF,1063
2010,6,ES,1699
2010,6,GO,1142
2010,6,MA,111
2010,6,MT,638
2010,6,MS,403
2010,6,MG,10109
2010,6,PA,93
2010,6,PB,454
2010,6,PR,6365
2010,6,PE,4273
2010,6,PI,28
2010,6,RJ,1713
2010,6,RN,161
2010,6,RS,2243
2010,6,RO,328
2010,6,RR,79
2010,6,SC,2300
2010,6,SP,24185
2010,6,SE,625
2010,6,TO,186
2010,7,AC,168
2010,7,AL,646
2010,7,AP,182
2010,7,AM,2
2010,7,BA,765
2010,7,CE,210
2010,7,DF,1177
2010,7,ES,1704
2010,7,GO,1466
2010,7,MA,105
2010,7,MT,688
2010,7,MS,368
2010,7,MG,10165
2010,7,PA,76
2010,7,PB,412
2010,7,PR,5924
2010,7,PE,4653
2010,7,PI,26
2010,7,RJ,1789
2010,7,RN,160
2010,7,RS,2480
2010,7,RO,295
2010,7,RR,77
2010,7,SC,2413
2010,7,SP,23377
2010,7,SE,752
2010,7,TO,152
2010,8,AC,158
2010,8,AL,620
2010,8,AP,152
2010,8,AM,1
2010,8,BA,1330
2010,8,CE,183
2010,8,DF,1156
2010,8,ES,1836
2010,8,GO,1498
2010,8,MA,124
2010,8,MT,634
2010,8,MS,431
2010,8,MG,10266
2010,8,PA,99
2010,8,PB,484
2010,8,PR,6366
2010,8,PE,4765
2010,8,PI,31
2010,8,RJ,1704
2010,8,RN,170
2010,8,RS,2571
2010,8,RO,391
2010,8,RR,82
2010,8,SC,2530
2010,8,SP,23482
2010,8,SE,737
2010,8,TO,104
2010,9,AC,145
2010,9,AL,311
2010,9,AP,159
2010,9,BA,837
2010,9,CE,164
2010,9,DF,1170
2010,9,ES,1663
2010,9,GO,1245
2010,9,MA,145
2010,9,MT,681
2010,9,MS,408
2010,9,MG,10027
2010,9,PA,70
2010,9,PB,466
2010,9,PR,5676
2010,9,PE,4470
2010,9,PI,21
2010,9,RJ,1577
2010,9,RN,179
2010,9,RS,2388
2010,9,RO,484
2010,9,RR,101
2010,9,SC,2358
2010,9,SP,23220
2010,9,SE,659
2010,9,TO,182
2010,10,AC,120
2010,10,AL,584
2010,10,AP,145
2010,10,AM,3
2010,10,BA,673
2010,10,CE,200
2010,10,DF,1085
2010,10,ES,1659
2010,10,GO,1549
2010,10,MA,127
2010,10,MT,692
2010,10,MS,506
2010,10,MG,9185
2010,10,PA,101
2010,10,PB,418
2010,10,PR,5552
2010,10,PE,4547
2010,10,PI,36
2010,10,RJ,1579
2010,10,RN,159
2010,10,RS,2268
2010,10,RO,390
2010,10,RR,86
2010,10,SC,2249
2010,10,SP,20805
2010,10,SE,642
2010,10,TO,159
2010,11,AC,147
2010,11,AL,527
2010,11,AP,177
2010,11,AM,2
2010,11,BA,770
2010,11,CE,175
2010,11,DF,1044
2010,11,ES,1714
2010,11,GO,1412
2010,11,MA,115
2010,11,MT,699
2010,11,MS,407
2010,11,MG,9751
2010,11,PA,97
2010,11,PB,419
2010,11,PR,5684
2010,11,PE,4228
2010,11,PI,31
2010,11,RJ,1473
2010,11,RN,151
2010,11,RS,2098
2010,11,RO,359
2010,11,RR,69
2010,11,SC,2364
2010,11,SP,21989
2010,11,SE,664
2010,11,TO,150
2010,12,AC,204
2010,12,AL,624
2010,12,AP,179
2010,12,BA,1342
2010,12,CE,193
2010,12,DF,1197
2010,12,ES,1796
2010,12,GO,1569
2010,12,MA,109
2010,12,MT,684
2010,12,MS,505
2010,12,MG,10171
2010,12,PA,100
2010,12,PB,404
2010,12,PR,5581
2010,12,PE,4717
2010,12,PI,34
2010,12,RJ,1646
2010,12,RN,150
2010,12,RS,2090
2010,12,RO,349
2010,12,RR,60
2010,12,SC,2205
2010,12,SP,22398
2010,12,SE,644
2010,12,TO,143
2011,1,AC,209
2011,1,AL,687
2011,1,AP,155
2011,1,AM,32
2011,1,BA,1732
2011,1,CE,208
2011,1,DF,1205
2011,1,ES,1835
2011,1,GO,1610
2011,1,MA,177
2011,1,MT,698
2011,1,MS,626
2011,1,MG,10139
2011,1,PA,96
2011,1,PB,526
2011,1,PR,6100
2011,1,PE,4750
2011,1,PI,30
2011,1,RJ,1603
2011,1,RN,211
2011,1,RS,2058
2011,1,RO,299
2011,1,RR,57
2011,1,SC,2458
2011,1,SP,22871
2011,1,SE,693
2011,1,TO,183
2011,2,AC,160
2011,2,AL,677
2011,2,AP,161
2011,2,AM,44
2011,2,BA,1543
2011,2,CE,282
2011,2,DF,1048
2011,2,ES,1502
2011,2,GO,1494
2011,2,MA,148
2011,2,MT,592
2011,2,MS,543
2011,2,MG,9038
2011,2,PA,73
2011,2,PB,535
2011,2,PR,5183
2011,2,PE,4214
2011,2,PI,26
2011,2,RJ,1486
2011,2,RN,194
2011,2,RS,1781
2011,2,RO,280
2011,2,RR,66
2011,2,SC,2096
2011,2,SP,20963
2011,2,SE,697
2011,2,TO,197
2011,3,AC,214
2011,3,AL,717
2011,3,AP,172
2011,3,AM,37
2011,3,BA,1625
2011,3,CE,286
2011,3,DF,1116
2011,3,ES,1641
2011,3,GO,1508
2011,3,MA,158
2011,3,MT,625
2011,3,MS,575
2011,3,MG,9769
2011,3,PA,86
2011,3,PB,564
2011,3,PR,5813
2011,3,PE,4705
2011,3,PI,29
2011,3,RJ,1590
2011,3,RN,210
2011,3,RS,2083
2011,3,RO,319
2011,3,RR,66
2011,3,SC,2291
2011,3,SP,23033
2011,3,SE,785
2011,3,TO,152
2011,4,AC,137
2011,4,AL,658
2011,4,AP,153
2011,4,AM,339
2011,4,BA,1869
2011,4,CE,251
2011,4,DF,1160
2011,4,ES,1645
2011,4,GO,1442
2011,4,MA,146
2011,4,MT,641
2011,4,MS,539
2011,4,MG,9247
2011,4,PA,86
2011,4,PB,550
2011,4,PR,5174
2011,4,PE,4432
2011,4,PI,30
2011,4,RJ,1653
2011,4,RN,220
2011,4,RS,1945
2011,4,RO,403
2011,4,RR,54
2011,4,SC,2139
2011,4,SP,20828
2011,4,SE,666
2011,4,TO,207
2011,5,AC,157
2011,5,AL,760
2011,5,AP,158
2011,5,AM,46
2011,5,BA,1530
2011,5,CE,256
2011,5,DF,1163
2011,5,ES,1820
2011,5,GO,1486
2011,5,MA,141
2011,5,MT,658
2011,5,MS,512
2011,5,MG,10407
2011,5,PA,103
2011,5,PB,632
2011,5,PR,6151
2011,5,PE,4859
2011,5,PI,27
2011,5,RJ,1707
2011,5,RN,250
2011,5,RS,2495
2011,5,RO,356
2011,5,RR,61
2011,5,SC,2559
2011,5,SP,23432
2011,5,SE,699
2011,5,TO,234
2011,6,AC,132
2011,6,AL,716
2011,6,AP,152
2011,6,AM,42
2011,6,BA,1443
2011,6,CE,249
2011,6,DF,1109
2011,6,ES,1840
2011,6,GO,1271
2011,6,MA,161
2011,6,MT,609
2011,6,MS,578
2011,6,MG,10657
2011,6,PA,87
2011,6,PB,551
2011,6,PR,6291
2011,6,PE,4632
2011,6,PI,27
2011,6,RJ,1768
2011,6,RN,234
2011,6,RS,2559
2011,6,RO,311
2011,6,RR,62
2011,6,SC,2481
2011,6,SP,24950
2011,6,SE,820
2011,6,TO,188
2011,7,AC,130
2011,7,AL,688
2011,7,AP,139
2011,7,AM,48
2011,7,BA,1406
2011,7,CE,238
2011,7,DF,1162
2011,7,ES,1795
2011,7,GO,1258
2011,7,MA,158
2011,7,MT,646
2011,7,MS,517
2011,7,MG,11314
2011,7,PA,90
2011,7,PB,581
2011,7,PR,6557
2011,7,PE,4812
2011,7,PI,18
2011,7,RJ,1797
2011,7,RN,205
2011,7,RS,2777
2011,7,RO,367
2011,7,RR,79
2011,7,SC,2795
2011,7,SP,24367
2011,7,SE,742
2011,7,TO,191
2011,8,AC,156
2011,8,AL,713
2011,8,AP,185
2011,8,AM,42
2011,8,BA,1443
2011,8,CE,234
2011,8,DF,1191
2011,8,ES,1855
2011,8,GO,1640
2011,8,MA,171
2011,8,MT,752
2011,8,MS,525
2011,8,MG,11296
2011,8,PA,94
2011,8,PB,618
2011,8,PR,6671
2011,8,PE,4815
2011,8,PI,26
2011,8,RJ,1797
2011,8,RN,200
2011,8,RS,2750
2011,8,RO,392
2011,8,RR,88
2011,8,SC,2872
2011,8,SP,24570
2011,8,SE,728
2011,8,TO,217
2011,9,AC,124
2011,9,AL,696
2011,9,AP,150
2011,9,AM,7
2011,9,BA,1537
2011,9,CE,238
2011,9,DF,1199
2011,9,ES,1732
2011,9,GO,1591
2011,9,MA,165
2011,9,MT,664
2011,9,MS,507
2011,9,MG,10057
2011,9,PA,96
2011,9,PB,581
2011,9,PR,5804
2011,9,PE,4391
2011,9,PI,36
2011,9,RJ,1681
2011,9,RN,225
2011,9,RS,2369
2011,9,RO,330
2011,9,RR,79
2011,9,SC,2546
2011,9,SP,22757
2011,9,SE,765
2011,9,TO,150
2011,10,AC,159
2011,10,AL,693
2011,10,AP,135
2011,10,AM,2
2011,10,BA,1529
2011,10,CE,602
2011,10,DF,1253
2011,10,ES,1681
2011,10,GO,1517
2011,10,MA,164
2011,10,MT,608
2011,10,MS,509
2011,10,MG,9824
2011,10,PA,95
2011,10,PB,439
2011,10,PR,5576
2011,10,PE,4446
2011,10,PI,33
2011,10,RJ,1722
2011,10,RN,171
2011,10,RS,2134
2011,10,RO,289
2011,10,RR,76
2011,10,SC,2520
2011,10,SP,21276
2011,10,SE,744
2011,10,TO,189
2011,11,AC,213
2011,11,AL,704
2011,11,AP,187
2011,11,AM,1
2011,11,BA,2294
2011,11,CE,263
2011,11,DF,1135
2011,11,ES,1782
2011,11,GO,1547
2011,11,MA,154
2011,11,MT,681
2011,11,MS,506
2011,11,MG,9749
2011,11,PA,106
2011,11,PB,469
2011,11,PR,5525
2011,11,PE,4420
2011,11,PI,24
2011,11,RJ,1594
2011,11,RN,180
2011,11,RS,2040
2011,11,RO,488
2011,11,RR,71
2011,11,SC,2414
2011,11,SP,21855
2011,11,SE,747
2011,11,TO,168
2011,12,AC,192
2011,12,AL,665
2011,12,AP,126
2011,12,AM,5
2011,12,BA,1697
2011,12,CE,298
2011,12,DF,1150
2011,12,ES,1748
2011,12,GO,1543
2011,12,MA,144
2011,12,MT,587
2011,12,MS,488
2011,12,MG,9804
2011,12,PA,93
2011,12,PB,498
2011,12,PR,5773
2011,12,PE,4580
2011,12,PI,23
2011,12,RJ,1763
2011,12,RN,190
2011,12,RS,2009
2011,12,RO,389
2011,12,RR,79
2011,12,SC,2366
2011,12,SP,21024
2011,12,SE,667
2011,12,TO,183
2012,1,AC,230
2012,1,AL,689
2012,1,AP,174
2012,1,AM,39
2012,1,BA,1951
2012,1,CE,341
2012,1,DF,1173
2012,1,ES,1834
2012,1,GO,1595
2012,1,MA,166
2012,1,MT,654
2012,1,MS,545
2012,1,MG,10489
2012,1,PA,91
2012,1,PB,841
2012,1,PR,5561
2012,1,PE,4602
2012,1,PI,29
2012,1,RJ,1746
2012,1,RN,208
2012,1,RS,2139
2012,1,RO,364
2012,1,RR,79
2012,1,SC,2485
2012,1,SP,21238
2012,1,SE,526
2012,1,TO,191
2012,2,AC,169
2012,2,AL,699
2012,2,AP,108
2012,2,AM,44
2012,2,BA,1889
2012,2,CE,357
2012,2,DF,1004
2012,2,ES,1576
2012,2,GO,1478
2012,2,MA,146
2012,2,MT,623
2012,2,MS,501
2012,2,MG,9051
2012,2,PA,73
2012,2,PB,513
2012,2,PR,5501
2012,2,PE,4172
2012,2,PI,28
2012,2,RJ,1584
2012,2,RN,196
2012,2,RS,2064
2012,2,RO,351
2012,2,RR,70
2012,2,SC,2239
2012,2,SP,20683
2012,2,SE,713
2012,2,TO,164
2012,3,AC,249
2012,3,AL,703
2012,3,AP,161
2012,3,AM,309
2012,3,BA,2114
2012,3,CE,323
2012,3,DF,1127
2012,3,ES,1735
2012,3,GO,1501
2012,3,MA,153
2012,3,MT,653
2012,3,MS,567
2012,3,MG,10121
2012,3,PA,95
2012,3,PB,586
2012,3,PR,5569
2012,3,PE,4582
2012,3,PI,23
2012,3,RJ,1620
2012,3,RN,210
2012,3,RS,2017
2012,3,RO,438
2012,3,RR,71
2012,3,SC,2435
2012,3,SP,21458
2012,3,SE,747
2012,3,TO,185
2012,4,AC,205
2012,4,AL,681
2012,4,AP,184
2012,4,AM,47
2012,4,BA,1934
2012,4,CE,369
2012,4,DF,1092
2012,4,ES,1729
2012,4,GO,1514
2012,4,MA,143
2012,4,MT,700
2012,4,MS,522
2012,4,MG,9836
2012,4,PA,84
2012,4,PB,504
2012,4,PR,5427
2012,4,PE,4321
2012,4,PI,26
2012,4,RJ,1732
2012,4,RN,199
2012,4,RS,2172
2012,4,RO,534
2012,4,RR,58
2012,4,SC,2313
2012,4,SP,20095
2012,4,SE,726
2012,4,TO,157
2012,5,AC,185
2012,5,AL,677
2012,5,AP,191
2012,5,AM,46
2012,5,BA,2049
2012,5,CE,406
2012,5,DF,1161
2012,5,ES,1892
2012,5,GO,1397
2012,5,MA,199
2012,5,MT,938
2012,5,MS,649
2012,5,MG,10952
2012,5,PA,150
2012,5,PB,527
2012,5,PR,6093
2012,5,PE,4432
2012,5,PI,20
2012,5,RJ,1891
2012,5,RN,210
2012,5,RS,2460
2012,5,RO,533
2012,5,RR,99
2012,5,SC,2788
2012,5,SP,24981
2012,5,SE,815
2012,5,TO,190
2012,6,AC,148
2012,6,AL,649
2012,6,AP,155
2012,6,AM,36
2012,6,BA,2000
2012,6,CE,316
2012,6,DF,1141
2012,6,ES,1649
2012,6,GO,1517
2012,6,MA,159
2012,6,MT,1168
2012,6,MS,566
2012,6,MG,10436
2012,6,PA,163
2012,6,PB,493
2012,6,PR,6143
2012,6,PE,4418
2012,6,PI,30
2012,6,RJ,1840
2012,6,RN,201
2012,6,RS,2470
2012,6,RO,457
2012,6,RR,63
2012,6,SC,2668
2012,6,SP,23465
2012,6,SE,763
2012,6,TO,174
2012,7,AC,164
2012,7,AL,662
2012,7,AP,89
2012,7,AM,3
2012,7,BA,2465
2012,7,CE,421
2012,7,DF,1165
2012,7,ES,1857
2012,7,GO,1319
2012,7,MA,169
2012,7,MT,1298
2012,7,MS,691
2012,7,MG,11632
2012,7,PA,189
2012,7,PB,682
2012,7,PR,7047
2012,7,PE,4908
2012,7,PI,30
2012,7,RJ,1933
2012,7,RN,238
2012,7,RS,2801
2012,7,RO,545
2012,7,RR,9
2012,7,SC,2789
2012,7,SP,26332
2012,7,SE,910
2012,7,TO,161
2012,8,AC,145
2012,8,AL,814
2012,8,AP,203
2012,8,AM,255
2012,8,BA,2577
2012,8,CE,382
2012,8,DF,1080
2012,8,ES,1836
2012,8,GO,1051
2012,8,MA,158
2012,8,MT,1219
2012,8,MS,666
2012,8,MG,11438
2012,8,PA,217
2012,8,PB,602
2012,8,PR,6250
2012,8,PE,4854
2012,8,PI,42
2012,8,RJ,1852
2012,8,RN,216
2012,8,RS,2480
2012,8,RO,552
2012,8,RR,8
2012,8,SC,2722
2012,8,SP,24539
2012,8,SE,872
2012,8,TO,220
2012,9,AC,155
2012,9,AL,651
2012,9,AP,172
2012,9,AM,33
2012,9,BA,2418
2012,9,CE,374
2012,9,DF,1241
2012,9,ES,1822
2012,9,GO,1370
2012,9,MA,132
2012,9,MT,1171
2012,9,MS,632
2012,9,MG,10452
2012,9,PA,235
2012,9,PB,785
2012,9,PR,5563
2012,9,PE,4591
2012,9,PI,59
2012,9,RJ,1789
2012,9,RN,225
2012,9,RS,2203
2012,9,RO,482
2012,9,RR,4
2012,9,SC,2384
2012,9,SP,21622
2012,9,SE,777
2012,9,TO,197
2012,10,AC,161
2012,10,AL,756
2012,10,AP,157
2012,10,AM,76
2012,10,BA,2829
2012,10,CE,357
2012,10,DF,1207
2012,10,ES,1891
2012,10,GO,1695
2012,10,MA,159
2012,10,MT,1243
2012,10,MS,581
2012,10,MG,11078
2012,10,PA,318
2012,10,PB,856
2012,10,PR,6199
2012,10,PE,4662
2012,10,PI,56
2012,10,RJ,1830
2012,10,RN,246
2012,10,RS,2389
2012,10,RO,542
2012,10,RR,11
2012,10,SC,2723
2012,10,SP,23559
2012,10,SE,895
2012,10,TO,232
2012,11,AC,138
2012,11,AL,678
2012,11,AP,131
2012,11,AM,103
2012,11,BA,2631
2012,11,CE,306
2012,11,DF,1186
2012,11,ES,1633
2012,11,GO,1522
2012,11,MA,109
2012,11,MT,1130
2012,11,MS,609
2012,11,MG,10283
2012,11,PA,259
2012,11,PB,807
2012,11,PR,5523
2012,11,PE,4422
2012,11,PI,31
2012,11,RJ,1699
2012,11,RN,209
2012,11,RS,2143
2012,11,RO,507
2012,11,RR,5
2012,11,SC,2335
2012,11,SP,21866
2012,11,SE,734
2012,11,TO,180
2012,12,AC,184
2012,12,AL,644
2012,12,AP,132
2012,12,AM,80
2012,12,BA,2499
2012,12,CE,336
2012,12,DF,1120
2012,12,ES,1804
2012,12,GO,1553
2012,12,MA,126
2012,12,MT,1124
2012,12,MS,635
2012,12,MG,10515
2012,12,PA,161
2012,12,PB,777
2012,12,PR,5343
2012,12,PE,4398
2012,12,PI,22
2012,12,RJ,1919
2012,12,RN,205
2012,12,RS,2213
2012,12,RO,342
2012,12,RR,9
2012,12,SC,2289
2012,12,SP,20715
2012,12,SE,712
2012,12,TO,172
2013,1,AC,225
2013,1,AL,756
2013,1,AP,166
2013,1,AM,122
2013,1,BA,2932
2013,1,CE,451
2013,1,DF,1159
2013,1,ES,1816
2013,1,GO,1835
2013,1,MA,127
2013,1,MT,1202
2013,1,MS,635
2013,1,MG,10775
2013,1,PA,156
2013,1,PB,835
2013,1,PR,5813
2013,1,PE,4750
2013,1,PI,23
2013,1,RJ,2040
2013,1,RN,344
2013,1,RS,2493
2013,1,RO,492
2013,1,RR,81
2013,1,SC,2640
2013,1,SP,23306
2013,1,SE,913
2013,1,TO,183
2013,2,AC,216
2013,2,AL,674
2013,2,AP,124
2013,2,AM,377
2013,2,BA,2181
2013,2,CE,385
2013,2,DF,1052
2013,2,ES,1587
2013,2,GO,1585
2013,2,MA,111
2013,2,MT,1062
2013,2,MS,544
2013,2,MG,9443
2013,2,PA,197
2013,2,PB,664
2013,2,PR,5053
2013,2,PE,4089
2013,2,PI,30
2013,2,RJ,1951
2013,2,RN,203
2013,2,RS,2077
2013,2,RO,501
2013,2,RR,70
2013,2,SC,2111
2013,2,SP,20179
2013,2,SE,741
2013,2,TO,115
2013,3,AC,224
2013,3,AL,644
2013,3,AP,97
2013,3,AM,410
2013,3,BA,2662
2013,3,CE,364
2013,3,DF,1113
2013,3,ES,1651
2013,3,GO,1580
2013,3,MA,127
2013,3,MT,1255
2013,3,MS,611
2013,3,MG,9712
2013,3,PA,224
2013,3,PB,669
2013,3,PR,5159
2013,3,PE,4245
2013,3,PI,39
2013,3,RJ,2108
2013,3,RN,237
2013,3,RS,2011
2013,3,RO,401
2013,3,RR,84
2013,3,SC,2184
2013,3,SP,20160
2013,3,SE,749
2013,3,TO,161
2013,4,AC,229
2013,4,AL,808
2013,4,AP,152
2013,4,AM,310
2013,4,BA,2807
2013,4,CE,528
2013,4,DF,1163
2013,4,ES,1777
2013,4,GO,1743
2013,4,MA,164
2013,4,MT,1285
2013,4,MS,668
2013,4,MG,10976
2013,4,PA,229
2013,4,PB,782
2013,4,PR,5979
2013,4,PE,4681
2013,4,PI,33
2013,4,RJ,2236
2013,4,RN,285
2013,4,RS,2362
2013,4,RO,536
2013,4,RR,68
2013,4,SC,2672
2013,4,SP,23549
2013,4,SE,887
2013,4,TO,216
2013,5,AC,208
2013,5,AL,831
2013,5,AP,205
2013,5,AM,83
2013,5,BA,2360
2013,5,CE,534
2013,5,DF,1218
2013,5,ES,1793
2013,5,GO,1659
2013,5,MA,167
2013,5,MT,1234
2013,5,MS,630
2013,5,MG,11114
2013,5,PA,213
2013,5,PB,786
2013,5,PR,5815
2013,5,PE,4731
2013,5,PI,44
2013,5,RJ,2254
2013,5,RN,254
2013,5,RS,2342
2013,5,RO,406
2013,5,RR,88
2013,5,SC,2597
2013,5,SP,24024
2013,5,SE,854
2013,5,TO,220
2013,6,AC,214
2013,6,AL,750
2013,6,AP,92
2013,6,AM,61
2013,6,BA,2384
2013,6,CE,490
2013,6,DF,1159
2013,6,ES,1665
2013,6,GO,1603
2013,6,MA,143
2013,6,MT,1222
2013,6,MS,623
2013,6,MG,10837
2013,6,PA,203
2013,6,PB,745
2013,6,PR,5811
2013,6,PE,4845
2013,6,PI,80
2013,6,RJ,2096
2013,6,RN,289
2013,6,RS,2390
2013,6,RO,456
2013,6,RR,63
2013,6,SC,2525
2013,6,SP,23676
2013,6,SE,822
2013,6,TO,235
2013,7,AC,233
2013,7,AL,810
2013,7,AP,70
2013,7,AM,274
2013,7,BA,3119
2013,7,CE,407
2013,7,DF,1212
2013,7,ES,1955
2013,7,GO,1841
2013,7,MA,170
2013,7,MT,1272
2013,7,MS,728
2013,7,MG,12294
2013,7,PA,211
2013,7,PB,832
2013,7,PR,7461
2013,7,PE,5154
2013,7,PI,87
2013,7,RJ,2590
2013,7,RN,270
2013,7,RS,3208
2013,7,RO,570
2013,7,RR,78
2013,7,SC,3100
2013,7,SP,26276
2013,7,SE,932
2013,7,TO,247
2013,8,AC,214
2013,8,AL,782
2013,8,AP,97
2013,8,AM,59
2013,8,BA,2789
2013,8,CE,476
2013,8,DF,1150
2013,8,ES,1839
2013,8,GO,1531
2013,8,MA,141
2013,8,MT,1306
2013,8,MS,713
2013,8,MG,11511
2013,8,PA,231
2013,8,PB,724
2013,8,PR,6825
2013,8,PE,4658
2013,8,PI,68
2013,8,RJ,2753
2013,8,RN,199
2013,8,RS,2916
2013,8,RO,509
2013,8,RR,68
2013,8,SC,2909
2013,8,SP,25145
2013,8,SE,857
2013,8,TO,253
2013,9,AC,222
2013,9,AL,671
2013,9,AP,119
2013,9,AM,58
2013,9,BA,2858
2013,9,CE,416
2013,9,DF,1156
2013,9,ES,1801
2013,9,GO,1854
2013,9,MA,171
2013,9,MT,1302
2013,9,MS,682
2013,9,MG,9232
2013,9,PA,244
2013,9,PB,760
2013,9,PR,6330
2013,9,PE,4541
2013,9,PI,65
2013,9,RJ,2433
2013,9,RN,236
2013,9,RS,2667
2013,9,RO,537
2013,9,RR,72
2013,9,SC,2872
2013,9,SP,23064
2013,9,SE,845
2013,9,TO,197
2013,10,AC,227
2013,10,AL,507
2013,10,AP,125
2013,10,AM,57
2013,10,BA,2750
2013,10,CE,534
2013,10,DF,1167
2013,10,ES,1915
2013,10,GO,1698
2013,10,MA,199
2013,10,MT,1200
2013,10,MS,637
2013,10,MG,9702
2013,10,PA,230
2013,10,PB,712
2013,10,PR,6240
2013,10,PE,4470
2013,10,PI,89
2013,10,RJ,2423
2013,10,RN,253
2013,10,RS,2427
2013,10,RO,553
2013,10,RR,70
2013,10,SC,2707
2013,10,SP,23607
2013,10,SE,844
2013,10,TO,193
2013,11,AC,210
2013,11,AL,832
2013,11,AP,76
2013,11,AM,45
2013,11,BA,2480
2013,11,CE,350
2013,11,DF,1108
2013,11,ES,1705
2013,11,GO,1724
2013,11,MA,172
2013,11,MT,1151
2013,11,MS,613
2013,11,MG,9019
2013,11,PA,254
2013,11,PB,678
2013,11,PR,5395
2013,11,PE,4075
2013,11,PI,62
2013,11,RJ,2314
2013,11,RN,250
2013,11,RS,2282
2013,11,RO,508
2013,11,RR,68
2013,11,SC,2356
2013,11,SP,21286
2013,11,SE,795
2013,11,TO,205
2013,12,AC,176
2013,12,AL,761
2013,12,AP,127
2013,12,AM,50
2013,12,BA,2368
2013,12,CE,447
2013,12,DF,1209
2013,12,ES,1795
2013,12,GO,1707
2013,12,MA,162
2013,12,MT,1181
2013,12,MS,644
2013,12,MG,8758
2013,12,PA,233
2013,12,PB,679
2013,12,PR,5625
2013,12,PE,4369
2013,12,PI,90
2013,12,RJ,2461
2013,12,RN,270
2013,12,RS,2291
2013,12,RO,353
2013,12,RR,65
2013,12,SC,2325
2013,12,SP,20377
2013,12,SE,833
2013,12,TO,231
2014,1,AC,186
2014,1,AL,865
2014,1,AP,148
2014,1,AM,368
2014,1,BA,2883
2014,1,CE,558
2014,1,DF,1149
2014,1,ES,1944
2014,1,GO,2018
2014,1,MA,177
2014,1,MT,1316
2014,1,MS,663
2014,1,MG,10296
2014,1,PA,231
2014,1,PB,1034
2014,1,PR,5907
2014,1,PE,4304
2014,1,PI,90
2014,1,RJ,2947
2014,1,RN,241
2014,1,RS,2708
2014,1,RO,579
2014,1,RR,86
2014,1,SC,2987
2014,1,SP,25068
2014,1,SE,899
2014,1,TO,298
2014,2,AC,193
2014,2,AL,847
2014,2,AP,118
2014,2,AM,313
2014,2,BA,2375
2014,2,CE,504
2014,2,DF,1091
2014,2,ES,1669
2014,2,GO,1689
2014,2,MA,166
2014,2,MT,970
2014,2,MS,590
2014,2,MG,8477
2014,2,PA,246
2014,2,PB,830
2014,2,PR,5683
2014,2,PE,3678
2014,2,PI,73
2014,2,RJ,2593
2014,2,RN,211
2014,2,RS,2544
2014,2,RO,461
2014,2,RR,53
2014,2,SC,2623
2014,2,SP,23856
2014,2,SE,707
2014,2,TO,262
2014,3,AC,180
2014,3,AL,442
2014,3,AP,153
2014,3,AM,460
2014,3,BA,2460
2014,3,CE,468
2014,3,DF,1194
2014,3,ES,1806
2014,3,GO,1665
2014,3,MA,179
2014,3,MT,1203
2014,3,MS,608
2014,3,MG,8995
2014,3,PA,251
2014,3,PB,868
2014,3,PR,5529
2014,3,PE,4051
2014,3,PI,72
2014,3,RJ,2809
2014,3,RN,214
2014,3,RS,2286
2014,3,RO,422
2014,3,RR,75
2014,3,SC,2565
2014,3,SP,21244
2014,3,SE,764
2014,3,TO,253
2014,4,AC,192
2014,4,AL,764
2014,4,AP,142
2014,4,AM,118
2014,4,BA,2657
2014,4,CE,585
2014,4,DF,1287
2014,4,ES,1775
2014,4,GO,1783
2014,4,MA,191
2014,4,MT,1168
2014,4,MS,621
2014,4,MG,9152
2014,4,PA,223
2014,4,PB,896
2014,4,PR,5676
2014,4,PE,4110
2014,4,PI,101
2014,4,RJ,2504
2014,4,RN,229
2014,4,RS,2247
2014,4,RO,525
2014,4,RR,67
2014,4,SC,2658
2014,4,SP,22165
2014,4,SE,809
2014,4,TO,244
2014,5,AC,186
2014,5,AL,940
2014,5,AP,143
2014,5,AM,140
2014,5,BA,2735
2014,5,CE,566
2014,5,DF,1276
2014,5,ES,1887
2014,5,GO,1794
2014,5,MA,178
2014,5,MT,1292
2014,5,MS,645
2014,5,MG,10240
2014,5,PA,275
2014,5,PB,908
2014,5,PR,5911
2014,5,PE,4188
2014,5,PI,90
2014,5,RJ,2584
2014,5,RN,274
2014,5,RS,2488
2014,5,RO,557
2014,5,RR,66
2014,5,SC,2637
2014,5,SP,24313
2014,5,SE,736
2014,5,TO,268
2014,6,AC,192
2014,6,AL,863
2014,6,AP,157
2014,6,AM,439
2014,6,BA,2490
2014,6,CE,494
2014,6,DF,1171
2014,6,ES,1839
2014,6,GO,1971
2014,6,MA,157
2014,6,MT,1268
2014,6,MS,697
2014,6,MG,10013
2014,6,PA,278
2014,6,PB,928
2014,6,PR,6432
2014,6,PE,4344
2014,6,PI,71
2014,6,RJ,2616
2014,6,RN,237
2014,6,RS,2664
2014,6,RO,547
2014,6,RR,64
2014,6,SC,2971
2014,6,SP,23970
2014,6,SE,842
2014,6,TO,254
2014,7,AC,216
2014,7,AL,801
2014,7,AP,160
2014,7,AM,113
2014,7,BA,3005
2014,7,CE,446
2014,7,DF,1301
2014,7,ES,1927
2014,7,GO,2040
2014,7,MA,202
2014,7,MT,1334
2014,7,MS,728
2014,7,MG,9832
2014,7,PA,283
2014,7,PB,1043
2014,7,PR,6810
2014,7,PE,4539
2014,7,PI,72
2014,7,RJ,2634
2014,7,RN,302
2014,7,RS,2868
2014,7,RO,522
2014,7,RR,73
2014,7,SC,3019
2014,7,SP,25337
2014,7,SE,874
2014,7,TO,280
2014,8,AC,193
2014,8,AL,792
2014,8,AP,139
2014,8,AM,115
2014,8,BA,2732
2014,8,CE,428
2014,8,DF,1303
2014,8,ES,2001
2014,8,GO,1947
2014,8,MA,176
2014,8,MT,1303
2014,8,MS,690
2014,8,MG,9460
2014,8,PA,185
2014,8,PB,787
2014,8,PR,6178
2014,8,PE,4763
2014,8,PI,82
2014,8,RJ,2849
2014,8,RN,291
2014,8,RS,2723
2014,8,RO,455
2014,8,RR,59
2014,8,SC,2894
2014,8,SP,23483
2014,8,SE,810
2014,8,TO,207
2014,9,AC,184
2014,9,AL,517
2014,9,AP,193
2014,9,AM,148
2014,9,BA,2943
2014,9,CE,461
2014,9,DF,1254
2014,9,ES,2010
2014,9,GO,2160
2014,9,MA,205
2014,9,MT,1331
2014,9,MS,652
2014,9,MG,8849
2014,9,PA,261
2014,9,PB,1065
2014,9,PR,6143
2014,9,PE,4564
2014,9,PI,115
2014,9,RJ,2701
2014,9,RN,278
2014,9,RS,2724
2014,9,RO,547
2014,9,RR,67
2014,9,SC,2697
2014,9,SP,24005
2014,9,SE,894
2014,9,TO,230
2014,10,AC,214
2014,10,AL,479
2014,10,AP,150
2014,10,AM,110
2014,10,BA,2687
2014,10,CE,478
2014,10,DF,1274
2014,10,ES,1827
2014,10,GO,2109
2014,10,MA,209
2014,10,MT,1322
2014,10,MS,748
2014,10,MG,9213
2014,10,PA,265
2014,10,PB,1056
2014,10,PR,6232
2014,10,PE,4624
2014,10,PI,139
2014,10,RJ,2659
2014,10,RN,245
2014,10,RS,2529
2014,10,RO,596
2014,10,RR,72
2014,10,SC,2928
2014,10,SP,25133
2014,10,SE,868
2014,10,TO,244
2014,11,AC,187
2014,11,AL,471
2014,11,AP,172
2014,11,AM,118
2014,11,BA,2483
2014,11,CE,444
2014,11,DF,1210
2014,11,ES,1813
2014,11,GO,1818
2014,11,MA,150
2014,11,MT,899
2014,11,MS,597
2014,11,MG,8069
2014,11,PA,246
2014,11,PB,927
2014,11,PR,5157
2014,11,PE,4330
2014,11,PI,126
2014,11,RJ,2502
2014,11,RN,292
2014,11,RS,2216
2014,11,RO,494
2014,11,RR,73
2014,11,SC,2518
2014,11,SP,20472
2014,11,SE,782
2014,11,TO,252
2014,12,AC,197
2014,12,AL,379
2014,12,AP,128
2014,12,AM,136
2014,12,BA,2742
2014,12,CE,419
2014,12,DF,1147
2014,12,ES,1869
2014,12,GO,1962
2014,12,MA,190
2014,12,MT,1232
2014,12,MS,623
2014,12,MG,8841
2014,12,PA,254
2014,12,PB,1060
2014,12,PR,5711
2014,12,PE,4726
2014,12,PI,92
2014,12,RJ,2797
2014,12,RN,310
2014,12,RS,2431
2014,12,RO,494
2014,12,RR,68
2014,12,SC,2598
2014,12,SP,22463
2014,12,SE,913
2014,12,TO,236
2015,1,AC,249
2015,1,AL,882
2015,1,AP,232
2015,1,AM,420
2015,1,BA,3765
2015,1,CE,550
2015,1,DF,1280
2015,1,ES,2002
2015,1,GO,2139
2015,1,MA,203
2015,1,MT,1305
2015,1,MS,642
2015,1,MG,9920
2015,1,PA,325
2015,1,PB,1520
2015,1,PR,5937
2015,1,PE,5002
2015,1,PI,219
2015,1,RJ,4401
2015,1,RN,393
2015,1,RS,4937
2015,1,RO,541
2015,1,RR,89
2015,1,SC,2608
2015,1,SP,26212
2015,1,SE,906
2015,1,TO,286
2015,2,AC,209
2015,2,AL,411
2015,2,AP,159
2015,2,AM,417
2015,2,BA,2934
2015,2,CE,571
2015,2,DF,1084
2015,2,ES,1801
2015,2,GO,1731
2015,2,MA,191
2015,2,MT,1187
2015,2,MS,526
2015,2,MG,8033
2015,2,PA,299
2015,2,PB,1435
2015,2,PR,5190
2015,2,PE,4455
2015,2,PI,147
2015,2,RJ,3145
2015,2,RN,298
2015,2,RS,4731
2015,2,RO,432
2015,2,RR,61
2015,2,SC,2194
2015,2,SP,20395
2015,2,SE,814
2015,2,TO,217
2015,3,AC,254
2015,3,AL,485
2015,3,AP,164
2015,3,AM,173
2015,3,BA,3437
2015,3,CE,703
2015,3,DF,1259
2015,3,ES,1941
2015,3,GO,1998
2015,3,MA,200
2015,3,MT,1236
2015,3,MS,590
2015,3,MG,9570
2015,3,PA,339
2015,3,PB,1350
2015,3,PR,5819
2015,3,PE,4806
2015,3,PI,168
2015,3,RJ,3155
2015,3,RN,552
2015,3,RS,4969
2015,3,RO,436
2015,3,RR,67
2015,3,SC,2466
2015,3,SP,23341
2015,3,SE,961
2015,3,TO,313
2015,4,AC,216
2015,4,AL,570
2015,4,AP,209
2015,4,AM,155
2015,4,BA,3065
2015,4,CE,783
2015,4,DF,1276
2015,4,ES,1763
2015,4,GO,2234
2015,4,MA,211
2015,4,MT,1366
2015,4,MS,630
2015,4,MG,9490
2015,4,PA,288
2015,4,PB,1462
2015,4,PR,5769
2015,4,PE,4737
2015,4,PI,217
2015,4,RJ,3486
2015,4,RN,526
2015,4,RS,4603
2015,4,RO,451
2015,4,RR,77
2015,4,SC,2368
2015,4,SP,24548
2015,4,SE,920
2015,4,TO,311
2015,5,AC,244
2015,5,AL,478
2015,5,AP,202
2015,5,AM,475
2015,5,BA,3659
2015,5,CE,854
2015,5,DF,1314
2015,5,ES,1852
2015,5,GO,2292
2015,5,MA,198
2015,5,MT,1398
2015,5,MS,675
2015,5,MG,10025
2015,5,PA,246
2015,5,PB,1721
2015,5,PR,5992
2015,5,PE,4676
2015,5,PI,227
2015,5,RJ,4430
2015,5,RN,388
2015,5,RS,4683
2015,5,RO,558
2015,5,RR,72
2015,5,SC,2560
2015,5,SP,24980
2015,5,SE,901
2015,5,TO,282
2015,6,AC,219
2015,6,AL,569
2015,6,AP,195
2015,6,AM,149
2015,6,BA,3686
2015,6,CE,798
2015,6,DF,1200
2015,6,ES,1981
2015,6,GO,2192
2015,6,MA,189
2015,6,MT,1277
2015,6,MS,645
2015,6,MG,11077
2015,6,PA,249
2015,6,PB,1632
2015,6,PR,6587
2015,6,PE,4648
2015,6,PI,231
2015,6,RJ,3649
2015,6,RN,358
2015,6,RS,5294
2015,6,RO,522
2015,6,RR,92
2015,6,SC,2883
2015,6,SP,26192
2015,6,SE,996
2015,6,TO,338
2015,7,AC,197
2015,7,AL,806
2015,7,AP,228
2015,7,AM,149
2015,7,BA,3783
2015,7,CE,673
2015,7,DF,1201
2015,7,ES,2090
2015,7,GO,1974
2015,7,MA,188
2015,7,MT,1461
2015,7,MS,724
2015,7,MG,11157
2015,7,PA,341
2015,7,PB,1763
2015,7,PR,7043
2015,7,PE,4807
2015,7,PI,221
2015,7,RJ,3388
2015,7,RN,321
2015,7,RS,6693
2015,7,RO,430
2015,7,RR,70
2015,7,SC,3081
2015,7,SP,27257
2015,7,SE,1035
2015,7,TO,274
2015,8,AC,212
2015,8,AL,482
2015,8,AP,186
2015,8,AM,166
2015,8,BA,2668
2015,8,CE,731
2015,8,DF,1160
2015,8,ES,1962
2015,8,GO,2052
2015,8,MA,164
2015,8,MT,1277
2015,8,MS,700
2015,8,MG,10057
2015,8,PA,340
2015,8,PB,1588
2015,8,PR,6547
2015,8,PE,4542
2015,8,PI,218
2015,8,RJ,3035
2015,8,RN,312
2015,8,RS,6079
2015,8,RO,463
2015,8,RR,80
2015,8,SC,2650
2015,8,SP,23438
2015,8,SE,902
2015,8,TO,274
2015,9,AC,216
2015,9,AL,798
2015,9,AP,217
2015,9,AM,180
2015,9,BA,3442
2015,9,CE,820
2015,9,DF,1094
2015,9,ES,1865
2015,9,GO,2034
2015,9,MA,143
2015,9,MT,1355
2015,9,MS,678
2015,9,MG,10299
2015,9,PA,359
2015,9,PB,1497
2015,9,PR,6538
2015,9,PE,4343
2015,9,PI,238
2015,9,RJ,3074
2015,9,RN,271
2015,9,RS,4764
2015,9,RO,537
2015,9,RR,67
2015,9,SC,2577
2015,9,SP,24606
2015,9,SE,876
2015,9,TO,304
2015,10,AC,228
2015,10,AL,731
2015,10,AP,180
2015,10,AM,146
2015,10,BA,3696
2015,10,CE,710
2015,10,DF,1189
2015,10,ES,1818
2015,10,GO,2261
2015,10,MA,198
2015,10,MT,1366
2015,10,MS,572
2015,10,MG,10255
2015,10,PA,334
2015,10,PB,1538
2015,10,PR,5883
2015,10,PE,3593
2015,10,PI,238
2015,10,RJ,3253
2015,10,RN,298
2015,10,RS,4691
2015,10,RO,539
2015,10,RR,73
2015,10,SC,2646
2015,10,SP,23269
2015,10,SE,858
2015,10,TO,315
2015,11,AC,168
2015,11,AL,878
2015,11,AP,172
2015,11,AM,133
2015,11,BA,3694
2015,11,CE,691
2015,11,DF,924
2015,11,ES,1817
2015,11,GO,2045
2015,11,MA,202
2015,11,MT,1323
2015,11,MS,774
2015,11,MG,9595
2015,11,PA,313
2015,11,PB,1661
2015,11,PR,5634
2015,11,PE,2983
2015,11,PI,342
2015,11,RJ,3337
2015,11,RN,304
2015,11,RS,4487
2015,11,RO,457
2015,11,RR,75
2015,11,SC,2572
2015,11,SP,21692
2015,11,SE,957
2015,11,TO,295
2015,12,AC,152
2015,12,AL,911
2015,12,AP,200
2015,12,AM,501
2015,12,BA,3498
2015,12,CE,933
2015,12,DF,994
2015,12,ES,1815
2015,12,GO,1924
2015,12,MA,232
2015,12,MT,1351
2015,12,MS,866
2015,12,MG,10584
2015,12,PA,710
2015,12,PB,1658
2015,12,PR,5891
2015,12,PE,3414
2015,12,PI,238
2015,12,RJ,4118
2015,12,RN,513
2015,12,RS,4618
2015,12,RO,575
2015,12,RR,57
2015,12,SC,2275
2015,12,SP,23168
2015,12,SE,1043
2015,12,TO,332
2016,1,AC,178
2016,1,AL,1005
2016,1,AP,182
2016,1,AM,486
2016,1,BA,3797
2016,1,CE,1281
2016,1,DF,1176
2016,1,ES,1792
2016,1,GO,2048
2016,1,MA,334
2016,1,MT,1386
2016,1,MS,1077
2016,1,MG,10223
2016,1,PA,1103
2016,1,PB,1841
2016,1,PR,5877
2016,1,PE,4652
2016,1,PI,617
2016,1,RJ,4530
2016,1,RN,532
2016,1,RS,5087
2016,1,RO,643
2016,1,RR,81
2016,1,SC,2739
2016,1,SP,23213
2016,1,SE,1011
2016,1,TO,326
2016,2,AC,190
2016,2,AL,1041
2016,2,AP,186
2016,2,AM,165
2016,2,BA,3937
2016,2,CE,1255
2016,2,DF,1122
2016,2,ES,1872
2016,2,GO,1927
2016,2,MA,362
2016,2,MT,1145
2016,2,MS,1186
2016,2,MG,10890
2016,2,PA,993
2016,2,PB,1962
2016,2,PR,5697
2016,2,PE,5345
2016,2,PI,588
2016,2,RJ,3961
2016,2,RN,694
2016,2,RS,4450
2016,2,RO,640
2016,2,RR,114
2016,2,SC,2568
2016,2,SP,22779
2016,2,SE,1028
2016,2,TO,354
2016,3,AC,162
2016,3,AL,962
2016,3,AP,198
2016,3,AM,201
2016,3,BA,4438
2016,3,CE,2569
2016,3,DF,1226
2016,3,ES,1975
2016,3,GO,2233
2016,3,MA,433
2016,3,MT,1168
2016,3,MS,1194
2016,3,MG,11271
2016,3,PA,1180
2016,3,PB,2335
2016,3,PR,6248
2016,3,PE,6395
2016,3,PI,517
2016,3,RJ,4074
2016,3,RN,907
2016,3,RS,4199
2016,3,RO,668
2016,3,RR,150
2016,3,SC,2756
2016,3,SP,25355
2016,3,SE,1196
2016,3,TO,365
2016,4,AC,208
2016,4,AL,1228
2016,4,AP,186
2016,4,AM,456
2016,4,BA,3931
2016,4,CE,2550
2016,4,DF,1249
2016,4,ES,1912
2016,4,GO,2303
2016,4,MA,432
2016,4,MT,1259
2016,4,MS,1317
2016,4,MG,11206
2016,4,PA,1162
2016,4,PB,1776
2016,4,PR,6259
2016,4,PE,4829
2016,4,PI,538
2016,4,RJ,4084
2016,4,RN,770
2016,4,RS,4325
2016,4,RO,442
2016,4,RR,131
2016,4,SC,2554
2016,4,SP,25917
2016,4,SE,1007
2016,4,TO,317
2016,5,AC,198
2016,5,AL,1084
2016,5,AP,207
2016,5,AM,139
2016,5,BA,3758
2016,5,CE,2619
2016,5,DF,1202
2016,5,ES,2078
2016,5,GO,2354
2016,5,MA,414
2016,5,MT,1168
2016,5,MS,1373
2016,5,MG,12221
2016,5,PA,1159
2016,5,PB,2132
2016,5,PR,6974
2016,5,PE,5169
2016,5,PI,657
2016,5,RJ,4105
2016,5,RN,666
2016,5,RS,5415
2016,5,RO,760
2016,5,RR,134
2016,5,SC,2856
2016,5,SP,25400
2016,5,SE,728
2016,5,TO,386
2016,6,AC,226
2016,6,AL,1111
2016,6,AP,227
2016,6,AM,391
2016,6,BA,3794
2016,6,CE,2659
2016,6,DF,1033
2016,6,ES,1993
2016,6,GO,2221
2016,6,MA,461
2016,6,MT,1053
2016,6,MS,1463
2016,6,MG,12192
2016,6,PA,995
2016,6,PB,1978
2016,6,PR,7505
2016,6,PE,4744
2016,6,PI,538
2016,6,RJ,4367
2016,6,RN,766
2016,6,RS,6381
2016,6,RO,529
2016,6,RR,168
2016,6,SC,3172
2016,6,SP,28938
2016,6,SE,1018
2016,6,TO,381
2016,7,AC,187
2016,7,AL,1124
2016,7,AP,175
2016,7,AM,500
2016,7,BA,3924
2016,7,CE,2488
2016,7,DF,1218
2016,7,ES,2060
2016,7,GO,2214
2016,7,MA,545
2016,7,MT,1147
2016,7,MS,1351
2016,7,MG,12085
2016,7,PA,1028
2016,7,PB,1581
2016,7,PR,7102
2016,7,PE,4651
2016,7,PI,563
2016,7,RJ,4351
2016,7,RN,706
2016,7,RS,6028
2016,7,RO,693
2016,7,RR,184
2016,7,SC,3256
2016,7,SP,26958
2016,7,SE,1177
2016,7,TO,314
2016,8,AC,258
2016,8,AL,1122
2016,8,AP,200
2016,8,AM,239
2016,8,BA,4183
2016,8,CE,2538
2016,8,DF,1199
2016,8,ES,2076
2016,8,GO,2398
2016,8,MA,528
2016,8,MT,1417
2016,8,MS,1309
2016,8,MG,12226
2016,8,PA,1107
2016,8,PB,1829
2016,8,PR,7212
2016,8,PE,4638
2016,8,PI,656
2016,8,RJ,4067
2016,8,RN,763
2016,8,RS,5200
2016,8,RO,685
2016,8,RR,187
2016,8,SC,3381
2016,8,SP,27304
2016,8,SE,1122
2016,8,TO,380
2016,9,AC,231
2016,9,AL,930
2016,9,AP,182
2016,9,AM,170
2016,9,BA,3700
2016,9,CE,2409
2016,9,DF,1172
2016,9,ES,1856
2016,9,GO,2246
2016,9,MA,495
2016,9,MT,1335
2016,9,MS,1282
2016,9,MG,10862
2016,9,PA,529
2016,9,PB,1608
2016,9,PR,6305
2016,9,PE,4635
2016,9,PI,636
2016,9,RJ,7268
2016,9,RN,773
2016,9,RS,4585
2016,9,RO,425
2016,9,RR,142
2016,9,SC,2984
2016,9,SP,24834
2016,9,SE,986
2016,9,TO,374
2016,10,AC,247
2016,10,AL,997
2016,10,AP,138
2016,10,AM,521
2016,10,BA,3649
2016,10,CE,2479
2016,10,DF,1228
2016,10,ES,1884
2016,10,GO,2268
2016,10,MA,511
2016,10,MT,1375
2016,10,MS,1242
2016,10,MG,10887
2016,10,PA,461
2016,10,PB,1721
2016,10,PR,6258
2016,10,PE,4690
2016,10,PI,720
2016,10,RJ,7369
2016,10,RN,658
2016,10,RS,4409
2016,10,RO,408
2016,10,RR,137
2016,10,SC,2944
2016,10,SP,23879
2016,10,SE,1126
2016,10,TO,351
2016,11,AC,200
2016,11,AL,861
2016,11,AP,178
2016,11,AM,426
2016,11,BA,3821
2016,11,CE,2518
2016,11,DF,1068
2016,11,ES,1918
2016,11,GO,2306
2016,11,MA,565
2016,11,MT,1311
2016,11,MS,1178
2016,11,MG,10306
2016,11,PA,529
2016,11,PB,1618
2016,11,PR,5857
2016,11,PE,4238
2016,11,PI,675
2016,11,RJ,4704
2016,11,RN,900
2016,11,RS,4034
2016,11,RO,674
2016,11,RR,151
2016,11,SC,2791
2016,11,SP,23405
2016,11,SE,1088
2016,11,TO,336
2016,12,AC,300
2016,12,AL,927
2016,12,AP,192
2016,12,AM,481
2016,12,BA,3947
2016,12,CE,2639
2016,12,DF,1209
2016,12,ES,1937
2016,12,GO,2155
2016,12,MA,544
2016,12,MT,1303
2016,12,MS,1136
2016,12,MG,10476
2016,12,PA,495
2016,12,PB,1571
2016,12,PR,5602
2016,12,PE,4613
2016,12,PI,592
2016,12,RJ,4476
2016,12,RN,705
2016,12,RS,4819
2016,12,RO,643
2016,12,RR,139
2016,12,SC,2689
2016,12,SP,23633
2016,12,SE,1064
2016,12,TO,337
2017,1,AC,314
2017,1,AL,1105
2017,1,AP,207
2017,1,AM,224
2017,1,BA,4367
2017,1,CE,2823
2017,1,DF,1200
2017,1,ES,2009
2017,1,GO,2610
2017,1,MA,566
2017,1,MT,1393
2017,1,MS,1198
2017,1,MG,11396
2017,1,PA,940
2017,1,PB,1922
2017,1,PR,6026
2017,1,PE,4628
2017,1,PI,423
2017,1,RJ,4312
2017,1,RN,859
2017,1,RS,4444
2017,1,RO,635
2017,1,RR,157
2017,1,SC,2975
2017,1,SP,23887
2017,1,SE,1005
2017,1,TO,395
2017,2,AC,331
2017,2,AL,777
2017,2,AP,170
2017,2,AM,189
2017,2,BA,2990
2017,2,CE,2688
2017,2,DF,1049
2017,2,ES,1743
2017,2,GO,2071
2017,2,MA,414
2017,2,MT,1123
2017,2,MS,1068
2017,2,MG,8861
2017,2,PA,787
2017,2,PB,1539
2017,2,PR,4786
2017,2,PE,3986
2017,2,PI,408
2017,2,RJ,3174
2017,2,RN,685
2017,2,RS,3695
2017,2,RO,362
2017,2,RR,108
2017,2,SC,2449
2017,2,SP,20174
2017,2,SE,821
2017,2,TO,347
2017,3,AC,380
2017,3,AL,1162
2017,3,AP,240
2017,3,AM,507
2017,3,BA,4757
2017,3,CE,3710
2017,3,DF,1237
2017,3,ES,2064
2017,3,GO,2644
2017,3,MA,523
2017,3,MT,1478
2017,3,MS,1334
2017,3,MG,11504
2017,3,PA,1135
2017,3,PB,2138
2017,3,PR,6237
2017,3,PE,5039
2017,3,PI,506
2017,3,RJ,3555
2017,3,RN,1035
2017,3,RS,4589
2017,3,RO,640
2017,3,RR,144
2017,3,SC,3240
2017,3,SP,26851
2017,3,SE,1134
2017,3,TO,470
2017,4,AC,288
2017,4,AL,911
2017,4,AP,149
2017,4,AM,229
2017,4,BA,3990
2017,4,CE,3455
2017,4,DF,1249
2017,4,ES,1928
2017,4,GO,2574
2017,4,MA,481
2017,4,MT,1294
2017,4,MS,1169
2017,4,MG,10113
2017,4,PA,962
2017,4,PB,1769
2017,4,PR,5536
2017,4,PE,4695
2017,4,PI,481
2017,4,RJ,4194
2017,4,RN,1079
2017,4,RS,4897
2017,4,RO,691
2017,4,RR,136
2017,4,SC,2602
2017,4,SP,22028
2017,4,SE,930
2017,4,TO,451
2017,5,AC,366
2017,5,AL,1116
2017,5,AP,242
2017,5,AM,678
2017,5,BA,4755
2017,5,CE,3631
2017,5,DF,1241
2017,5,ES,2115
2017,5,GO,2796
2017,5,MA,599
2017,5,MT,1448
2017,5,MS,1300
2017,5,MG,12353
2017,5,PA,974
2017,5,PB,1977
2017,5,PR,6830
2017,5,PE,5339
2017,5,PI,650
2017,5,RJ,4707
2017,5,RN,1018
2017,5,RS,6156
2017,5,RO,745
2017,5,RR,173
2017,5,SC,3321
2017,5,SP,27227
2017,5,SE,1162
2017,5,TO,447
2017,6,AC,287
2017,6,AL,1192
2017,6,AP,218
2017,6,AM,403
2017,6,BA,4309
2017,6,CE,3250
2017,6,DF,1221
2017,6,ES,2125
2017,6,GO,2409
2017,6,MA,448
2017,6,MT,1365
2017,6,MS,1364
2017,6,MG,12190
2017,6,PA,957
2017,6,PB,1879
2017,6,PR,6758
2017,6,PE,5110
2017,6,PI,478
2017,6,RJ,4394
2017,6,RN,864
2017,6,RS,6610
2017,6,RO,687
2017,6,RR,177
2017,6,SC,3414
2017,6,SP,26301
2017,6,SE,1016
2017,6,TO,380
2017,7,AC,331
2017,7,AL,1147
2017,7,AP,208
2017,7,AM,286
2017,7,BA,4737
2017,7,CE,3189
2017,7,DF,1263
2017,7,ES,2219
2017,7,GO,2750
2017,7,MA,443
2017,7,MT,1496
2017,7,MS,1321
2017,7,MG,12893
2017,7,PA,956
2017,7,PB,2162
2017,7,PR,7202
2017,7,PE,5585
2017,7,PI,480
2017,7,RJ,4707
2017,7,RN,835
2017,7,RS,5576
2017,7,RO,466
2017,7,RR,192
2017,7,SC,3342
2017,7,SP,27531
2017,7,SE,1137
2017,7,TO,393
2017,8,AC,354
2017,8,AL,1215
2017,8,AP,252
2017,8,AM,303
2017,8,BA,4787
2017,8,CE,3241
2017,8,DF,1303
2017,8,ES,2303
2017,8,GO,2655
2017,8,MA,556
2017,8,MT,1409
2017,8,MS,1356
2017,8,MG,13019
2017,8,PA,994
2017,8,PB,2086
2017,8,PR,6894
2017,8,PE,5344
2017,8,PI,522
2017,8,RJ,4923
2017,8,RN,881
2017,8,RS,5270
2017,8,RO,694
2017,8,RR,173
2017,8,SC,3347
2017,8,SP,27746
2017,8,SE,1241
2017,8,TO,446
2017,9,AC,279
2017,9,AL,980
2017,9,AP,212
2017,9,AM,568
2017,9,BA,4336
2017,9,CE,3003
2017,9,DF,1162
2017,9,ES,2042
2017,9,GO,2444
2017,9,MA,517
2017,9,MT,1410
2017,9,MS,1235
2017,9,MG,11376
2017,9,PA,869
2017,9,PB,1844
2017,9,PR,5967
2017,9,PE,4779
2017,9,PI,426
2017,9,RJ,4818
2017,9,RN,947
2017,9,RS,4655
2017,9,RO,699
2017,9,RR,146
2017,9,SC,2948
2017,9,SP,25079
2017,9,SE,1173
2017,9,TO,448
2017,10,AC,277
2017,10,AL,1072
2017,10,AP,265
2017,10,AM,631
2017,10,BA,4605
2017,10,CE,3236
2017,10,DF,1300
2017,10,ES,2139
2017,10,GO,2859
2017,10,MA,606
2017,10,MT,1464
2017,10,MS,1207
2017,10,MG,11924
2017,10,PA,783
2017,10,PB,2002
2017,10,PR,6092
2017,10,PE,5010
2017,10,PI,518
2017,10,RJ,4930
2017,10,RN,1251
2017,10,RS,5119
2017,10,RO,690
2017,10,RR,147
2017,10,SC,3065
2017,10,SP,25660
2017,10,SE,1138
2017,10,TO,497
2017,11,AC,327
2017,11,AL,1083
2017,11,AP,227
2017,11,AM,625
2017,11,BA,4209
2017,11,CE,3181
2017,11,DF,1086
2017,11,ES,1947
2017,11,GO,2432
2017,11,MA,719
2017,11,MT,1275
2017,11,MS,1095
2017,11,MG,10659
2017,11,PA,995
2017,11,PB,1927
2017,11,PR,5871
2017,11,PE,4730
2017,11,PI,528
2017,11,RJ,5130
2017,11,RN,1000
2017,11,RS,6061
2017,11,RO,684
2017,11,RR,98
2017,11,SC,2919
2017,11,SP,24101
2017,11,SE,1053
2017,11,TO,386
2017,12,AC,356
2017,12,AL,997
2017,12,AP,169
2017,12,AM,600
2017,12,BA,3998
2017,12,CE,3051
2017,12,DF,1195
2017,12,ES,1880
2017,12,GO,2408
2017,12,MA,681
2017,12,MT,1336
2017,12,MS,1160
2017,12,MG,10758
2017,12,PA,969
2017,12,PB,1879
2017,12,PR,5665
2017,12,PE,4690
2017,12,PI,460
2017,12,RJ,11429
2017,12,RN,1163
2017,12,RS,6203
2017,12,RO,428
2017,12,RR,84
2017,12,SC,2995
2017,12,SP,23286
2017,12,SE,1027
2017,12,TO,423
2018,1,AC,311
2018,1,AL,1081
2018,1,AP,257
2018,1,AM,616
2018,1,BA,4971
2018,1,CE,3418
2018,1,DF,1144
2018,1,ES,2019
2018,1,GO,2850
2018,1,MA,1096
2018,1,MT,1487
2018,1,MS,1226
2018,1,MG,11813
2018,1,PA,1224
2018,1,PB,2187
2018,1,PR,6103
2018,1,PE,5168
2018,1,PI,945
2018,1,RJ,12023
2018,1,RN,1316
2018,1,RS,6308
2018,1,RO,737
2018,1,RR,171
2018,1,SC,3281
2018,1,SP,25119
2018,1,SE,1084
2018,1,TO,540
2018,2,AC,251
2018,2,AL,982
2018,2,AP,177
2018,2,AM,690
2018,2,BA,4374
2018,2,CE,2958
2018,2,DF,1110
2018,2,ES,1689
2018,2,GO,2446
2018,2,MA,915
2018,2,MT,1313
2018,2,MS,1077
2018,2,MG,9870
2018,2,PA,857
2018,2,PB,1912
2018,2,PR,5303
2018,2,PE,4515
2018,2,PI,855
2018,2,RJ,10415
2018,2,RN,1039
2018,2,RS,5331
2018,2,RO,557
2018,2,RR,147
2018,2,SC,2843
2018,2,SP,21620
2018,2,SE,821
2018,2,TO,434
2018,3,AC,408
2018,3,AL,1241
2018,3,AP,198
2018,3,AM,611
2018,3,BA,5225
2018,3,CE,3465
2018,3,DF,1337
2018,3,ES,1944
2018,3,GO,2769
2018,3,MA,1135
2018,3,MT,1502
2018,3,MS,1288
2018,3,MG,10610
2018,3,PA,996
2018,3,PB,2044
2018,3,PR,6050
2018,3,PE,4670
2018,3,PI,738
2018,3,RJ,12090
2018,3,RN,1284
2018,3,RS,5957
2018,3,RO,703
2018,3,RR,181
2018,3,SC,2918
2018,3,SP,23716
2018,3,SE,1008
2018,3,TO,497
2018,4,AC,373
2018,4,AL,1328
2018,4,AP,236
2018,4,AM,429
2018,4,BA,5665
2018,4,CE,3806
2018,4,DF,1195
2018,4,ES,1948
2018,4,GO,3044
2018,4,MA,1405
2018,4,MT,1482
2018,4,MS,1311
2018,4,MG,10667
2018,4,PA,1343
2018,4,PB,2221
2018,4,PR,5948
2018,4,PE,5281
2018,4,PI,895
2018,4,RJ,11588
2018,4,RN,1215
2018,4,RS,6284
2018,4,RO,661
2018,4,RR,174
2018,4,SC,3304
2018,4,SP,24062
2018,4,SE,1118
2018,4,TO,518
2018,5,AC,310
2018,5,AL,1426
2018,5,AP,233
2018,5,AM,334
2018,5,BA,5976
2018,5,CE,3900
2018,5,DF,1225
2018,5,ES,2173
2018,5,GO,2939
2018,5,MA,1442
2018,5,MT,1534
2018,5,MS,1361
2018,5,MG,11606
2018,5,PA,1415
2018,5,PB,2412
2018,5,PR,6412
2018,5,PE,5575
2018,5,PI,903
2018,5,RJ,12430
2018,5,RN,1348
2018,5,RS,6442
2018,5,RO,493
2018,5,RR,222
2018,5,SC,3320
2018,5,SP,26364
2018,5,SE,1130
2018,5,TO,581
2018,6,AC,340
2018,6,AL,1332
2018,6,AP,275
2018,6,AM,685
2018,6,BA,5543
2018,6,CE,3482
2018,6,DF,1274
2018,6,ES,2156
2018,6,GO,2665
2018,6,MA,1242
2018,6,MT,1424
2018,6,MS,1423
2018,6,MG,11857
2018,6,PA,1455
2018,6,PB,2340
2018,6,PR,7077
2018,6,PE,5055
2018,6,PI,790
2018,6,RJ,12289
2018,6,RN,1381
2018,6,RS,6881
2018,6,RO,649
2018,6,RR,227
2018,6,SC,3810
2018,6,SP,28204
2018,6,SE,1165
2018,6,TO,499
2018,7,AC,395
2018,7,AL,1542
2018,7,AP,207
2018,7,AM,789
2018,7,BA,6072
2018,7,CE,3405
2018,7,DF,1214
2018,7,ES,2219
2018,7,GO,2770
2018,7,MA,1234
2018,7,MT,1423
2018,7,MS,1485
2018,7,MG,12534
2018,7,PA,1564
2018,7,PB,2352
2018,7,PR,7540
2018,7,PE,5387
2018,7,PI,765
2018,7,RJ,12426
2018,7,RN,1176
2018,7,RS,8686
2018,7,RO,718
2018,7,RR,206
2018,7,SC,4023
2018,7,SP,28537
2018,7,SE,1114
2018,7,TO,533
2018,8,AC,307
2018,8,AL,1468
2018,8,AP,210
2018,8,AM,644
2018,8,BA,5752
2018,8,CE,3408
2018,8,DF,1272
2018,8,ES,1978
2018,8,GO,2732
2018,8,MA,1302
2018,8,MT,1162
2018,8,MS,1396
2018,8,MG,11291
2018,8,PA,1690
2018,8,PB,2221
2018,8,PR,6949
2018,8,PE,5014
2018,8,PI,888
2018,8,RJ,12556
2018,8,RN,1293
2018,8,RS,8541
2018,8,RO,691
2018,8,RR,224
2018,8,SC,3826
2018,8,SP,27743
2018,8,SE,1105
2018,8,TO,483
2018,9,AC,316
2018,9,AL,1304
2018,9,AP,213
2018,9,AM,372
2018,9,BA,5728
2018,9,CE,3204
2018,9,DF,1107
2018,9,ES,1914
2018,9,GO,2489
2018,9,MA,1290
2018,9,MT,1199
2018,9,MS,1251
2018,9,MG,10156
2018,9,PA,1531
2018,9,PB,2012
2018,9,PR,5645
2018,9,PE,4631
2018,9,PI,873
2018,9,RJ,11121
2018,9,RN,1167
2018,9,RS,6541
2018,9,RO,719
2018,9,RR,247
2018,9,SC,3459
2018,9,SP,23954
2018,9,SE,931
2018,9,TO,466
2018,10,AC,349
2018,10,AL,1346
2018,10,AP,265
2018,10,AM,380
2018,10,BA,6202
2018,10,CE,3522
2018,10,DF,1198
2018,10,ES,2016
2018,10,GO,2857
2018,10,MA,1447
2018,10,MT,1218
2018,10,MS,1296
2018,10,MG,10815
2018,10,PA,1408
2018,10,PB,2307
2018,10,PR,5944
2018,10,PE,5063
2018,10,PI,1111
2018,10,RJ,12038
2018,10,RN,1109
2018,10,RS,6812
2018,10,RO,485
2018,10,RR,235
2018,10,SC,3481
2018,10,SP,25751
2018,10,SE,1191
2018,10,TO,540
2018,11,AC,275
2018,11,AL,1185
2018,11,AP,227
2018,11,AM,625
2018,11,BA,5354
2018,11,CE,3323
2018,11,DF,1163
2018,11,ES,1892
2018,11,GO,2518
2018,11,MA,1322
2018,11,MT,1019
2018,11,MS,1237
2018,11,MG,9349
2018,11,PA,1730
2018,11,PB,1988
2018,11,PR,5671
2018,11,PE,4614
2018,11,PI,1017
2018,11,RJ,11773
2018,11,RN,1103
2018,11,RS,6480
2018,11,RO,680
2018,11,RR,177
2018,11,SC,3304
2018,11,SP,24567
2018,11,SE,989
2018,11,TO,468
2018,12,AC,280
2018,12,AL,1057
2018,12,AP,199
2018,12,AM,909
2018,12,BA,5147
2018,12,CE,3065
2018,12,DF,1214
2018,12,ES,1929
2018,12,GO,2532
2018,12,MA,1234
2018,12,MT,1152
2018,12,MS,1253
2018,12,MG,9297
2018,12,PA,1697
2018,12,PB,1848
2018,12,PR,5643
2018,12,PE,4639
2018,12,PI,860
2018,12,RJ,12146
2018,12,RN,1201
2018,12,RS,6147
2018,12,RO,697
2018,12,RR,152
2018,12,SC,2989
2018,12,SP,23714
2018,12,SE,922
2018,12,TO,460
2019,1,AC,298
2019,1,AL,1382
2019,1,AP,285
2019,1,AM,1209
2019,1,BA,6564
2019,1,CE,3614
2019,1,DF,1209
2019,1,ES,2181
2019,1,GO,2947
2019,1,MA,1934
2019,1,MT,1087
2019,1,MS,1363
2019,1,MG,11329
2019,1,PA,2296
2019,1,PB,2279
2019,1,PR,5979
2019,1,PE,5143
2019,1,PI,1387
2019,1,RJ,12586
2019,1,RN,1515
2019,1,RS,7198
2019,1,RO,757
2019,1,RR,186
2019,1,SC,3623
2019,1,SP,27846
2019,1,SE,1071
2019,1,TO,560
2019,2,AC,299
2019,2,AL,1218
2019,2,AP,220
2019,2,AM,1161
2019,2,BA,5817
2019,2,CE,3105
2019,2,DF,1069
2019,2,ES,1767
2019,2,GO,2478
2019,2,MA,1768
2019,2,MT,943
2019,2,MS,1149
2019,2,MG,9217
2019,2,PA,2091
2019,2,PB,2011
2019,2,PR,4938
2019,2,PE,4521
2019,2,PI,1090
2019,2,RJ,10858
2019,2,RN,1241
2019,2,RS,6214
2019,2,RO,623
2019,2,RR,125
2019,2,SC,3175
2019,2,SP,22872
2019,2,SE,962
2019,2,TO,432
2019,3,AC,329
2019,3,AL,1333
2019,3,AP,252
2019,3,AM,1247
2019,3,BA,5834
2019,3,CE,3495
2019,3,DF,1190
2019,3,ES,1997
2019,3,GO,2603
2019,3,MA,1765
2019,3,MT,1181
2019,3,MS,1184
2019,3,MG,9874
2019,3,PA,2239
2019,3,PB,2153
2019,3,PR,5432
2019,3,PE,4984
2019,3,PI,1195
2019,3,RJ,11331
2019,3,RN,1356
2019,3,RS,6509
2019,3,RO,472
2019,3,RR,164
2019,3,SC,3192
2019,3,SP,23570
2019,3,SE,1076
2019,3,TO,428
2019,4,AC,332
2019,4,AL,1516
2019,4,AP,294
2019,4,AM,1232
2019,4,BA,5967
2019,4,CE,3980
2019,4,DF,1263
2019,4,ES,2030
2019,4,GO,2973
2019,4,MA,1920
2019,4,MT,1217
2019,4,MS,1302
2019,4,MG,10848
2019,4,PA,2349
2019,4,PB,2406
2019,4,PR,5829
2019,4,PE,5291
2019,4,PI,1290
2019,4,RJ,12316
2019,4,RN,1564
2019,4,RS,6873
2019,4,RO,774
2019,4,RR,194
2019,4,SC,3342
2019,4,SP,25460
2019,4,SE,1120
2019,4,TO,502
2019,5,AC,316
2019,5,AL,1664
2019,5,AP,250
2019,5,AM,1222
2019,5,BA,6522
2019,5,CE,3990
2019,5,DF,1300
2019,5,ES,2168
2019,5,GO,2920
2019,5,MA,2093
2019,5,MT,1255
2019,5,MS,1395
2019,5,MG,11443
2019,5,PA,2594
2019,5,PB,2496
2019,5,PR,6234
2019,5,PE,5458
2019,5,PI,1448
2019,5,RJ,13467
2019,5,RN,1661
2019,5,RS,7348
2019,5,RO,751
2019,5,RR,211
2019,5,SC,3471
2019,5,SP,27886
2019,5,SE,1166
2019,5,TO,545
2019,6,AC,289
2019,6,AL,1397
2019,6,AP,229
2019,6,AM,1120
2019,6,BA,5892
2019,6,CE,3350
2019,6,DF,1293
2019,6,ES,2097
2019,6,GO,2802
2019,6,MA,1730
2019,6,MT,1190
2019,6,MS,1431
2019,6,MG,10686
2019,6,PA,1796
2019,6,PB,2172
2019,6,PR,6045
2019,6,PE,5034
2019,6,PI,1184
2019,6,RJ,12819
2019,6,RN,1300
2019,6,RS,7480
2019,6,RO,669
2019,6,RR,187
2019,6,SC,3399
2019,6,SP,26793
2019,6,SE,1034
2019,6,TO,468
2019,7,AC,316
2019,7,AL,1632
2019,7,AP,271
2019,7,AM,1272
2019,7,BA,7081
2019,7,CE,3669
2019,7,DF,1326
2019,7,ES,2328
2019,7,GO,3186
2019,7,MA,1937
2019,7,MT,1306
2019,7,MS,1619
2019,7,MG,12137
2019,7,PA,2319
2019,7,PB,2594
2019,7,PR,6989
2019,7,PE,5762
2019,7,PI,1435
2019,7,RJ,13337
2019,7,RN,1716
2019,7,RS,9520
2019,7,RO,728
2019,7,RR,250
2019,7,SC,4258
2019,7,SP,31297
2019,7,SE,1236
2019,7,TO,556
2019,8,AC,323
2019,8,AL,1621
2019,8,AP,240
2019,8,AM,1236
2019,8,BA,6514
2019,8,CE,3111
2019,8,DF,1310
2019,8,ES,2182
2019,8,GO,2767
2019,8,MA,1768
2019,8,MT,1224
2019,8,MS,1485
2019,8,MG,10689
2019,8,PA,2243
2019,8,PB,2301
2019,8,PR,6309
2019,8,PE,5256
2019,8,PI,1067
2019,8,RJ,12569
2019,8,RN,1427
2019,8,RS,8901
2019,8,RO,469
2019,8,RR,221
2019,8,SC,3796
2019,8,SP,27518
2019,8,SE,1105
2019,8,TO,526
2019,9,AC,339
2019,9,AL,1480
2019,9,AP,226
2019,9,AM,1162
2019,9,BA,6245
2019,9,CE,3301
2019,9,DF,1309
2019,9,ES,2099
2019,9,GO,2933
2019,9,MA,1851
2019,9,MT,1377
2019,9,MS,1442
2019,9,MG,10465
2019,9,PA,2233
2019,9,PB,2223
2019,9,PR,6192
2019,9,PE,5182
2019,9,PI,1142
2019,9,RJ,12079
2019,9,RN,1401
2019,9,RS,8042
2019,9,RO,715
2019,9,RR,230
2019,9,SC,3749
2019,9,SP,25893
2019,9,SE,1013
2019,9,TO,470
2019,10,AC,308
2019,10,AL,1495
2019,10,AP,246
2019,10,AM,1201
2019,10,BA,6424
2019,10,CE,3450
2019,10,DF,1306
2019,10,ES,2020
2019,10,GO,2983
2019,10,MA,1898
2019,10,MT,1313
2019,10,MS,1367
2019,10,MG,10406
2019,10,PA,2188
2019,10,PB,2229
2019,10,PR,5845
2019,10,PE,5209
2019,10,PI,1237
2019,10,RJ,12036
2019,10,RN,1420
2019,10,RS,7867
2019,10,RO,634
2019,10,RR,193
2019,10,SC,3740
2019,10,SP,26432
2019,10,SE,1102
2019,10,TO,522
2019,11,AC,333
2019,11,AL,1438
2019,11,AP,258
2019,11,AM,1073
2019,11,BA,5705
2019,11,CE,3345
2019,11,DF,1171
2019,11,ES,1919
2019,11,GO,2687
2019,11,MA,1584
2019,11,MT,1144
2019,11,MS,1246
2019,11,MG,9341
2019,11,PA,2067
2019,11,PB,2117
2019,11,PR,5583
2019,11,PE,4938
2019,11,PI,1168
2019,11,RJ,11331
2019,11,RN,1269
2019,11,RS,6983
2019,11,RO,646
2019,11,RR,200
2019,11,SC,3284
2019,11,SP,23734
2019,11,SE,911
2019,11,TO,486
2019,12,AC,361
2019,12,AL,1454
2019,12,AP,196
2019,12,AM,1169
2019,12,BA,5538
2019,12,CE,3466
2019,12,DF,1228
2019,12,ES,2105
2019,12,GO,2718
2019,12,MA,1754
2019,12,MT,1208
2019,12,MS,1191
2019,12,MG,9735
2019,12,PA,2284
2019,12,PB,2167
2019,12,PR,5700
2019,12,PE,5267
2019,12,PI,1048
2019,12,RJ,12161
2019,12,RN,1343
2019,12,RS,7055
2019,12,RO,682
2019,12,RR,186
2019,12,SC,3157
2019,12,SP,22863
2019,12,SE,1031
2019,12,TO,544
2020,1,AC,373
2020,1,AL,1588
2020,1,AP,283
2020,1,AM,1337
2020,1,BA,6854
2020,1,CE,3668
2020,1,DF,1251
2020,1,ES,2173
2020,1,GO,3016
2020,1,MA,1949
2020,1,MT,1270
2020,1,MS,1268
2020,1,MG,11370
2020,1,PA,2380
2020,1,PB,2268
2020,1,PR,5839
2020,1,PE,5390
2020,1,PI,1122
2020,1,RJ,12232
2020,1,RN,1504
2020,1,RS,7479
2020,1,RO,458
2020,1,RR,223
2020,1,SC,3797
2020,1,SP,28502
2020,1,SE,1083
2020,1,TO,561
2020,2,AC,333
2020,2,AL,1391
2020,2,AP,219
2020,2,AM,1176
2020,2,BA,5437
2020,2,CE,3305
2020,2,DF,1112
2020,2,ES,1844
2020,2,GO,2564
2020,2,MA,1772
2020,2,MT,1141
2020,2,MS,1177
2020,2,MG,9511
2020,2,PA,2049
2020,2,PB,1932
2020,2,PR,5249
2020,2,PE,4628
2020,2,PI,996
2020,2,RJ,11136
2020,2,RN,1333
2020,2,RS,6354
2020,2,RO,605
2020,2,RR,168
2020,2,SC,3022
2020,2,SP,22018
2020,2,SE,927
2020,2,TO,461
2020,3,AC,337
2020,3,AL,1533
2020,3,AP,204
2020,3,AM,1249
2020,3,BA,6006
2020,3,CE,3703
2020,3,DF,1302
2020,3,ES,2106
2020,3,GO,2857
2020,3,MA,1933
2020,3,MT,1347
2020,3,MS,1390
2020,3,MG,10963
2020,3,PA,2472
2020,3,PB,2206
2020,3,PR,5962
2020,3,PE,5558
2020,3,PI,901
2020,3,RJ,12584
2020,3,RN,1442
2020,3,RS,6672
2020,3,RO,731
2020,3,RR,208
2020,3,SC,3039
2020,3,SP,26812
2020,3,SE,1017
2020,3,TO,525
2020,4,AC,297
2020,4,AL,1512
2020,4,AP,133
2020,4,AM,2828
2020,4,BA,5855
2020,4,CE,4499
2020,4,DF,1171
2020,4,ES,2082
2020,4,GO,2815
2020,4,MA,2255
2020,4,MT,1169
2020,4,MS,1229
2020,4,MG,10448
2020,4,PA,2902
2020,4,PB,2136
2020,4,PR,5834
2020,4,PE,6218
2020,4,PI,1261
2020,4,RJ,16020
2020,4,RN,1490
2020,4,RS,6716
2020,4,RO,679
2020,4,RR,194
2020,4,SC,3596
2020,4,SP,28013
2020,4,SE,1036
2020,4,TO,475
2020,5,AC,398
2020,5,AL,2190
2020,5,AP,263
2020,5,AM,2631
2020,5,BA,7017
2020,5,CE,7464
2020,5,DF,1268
2020,5,ES,2503
2020,5,GO,2983
2020,5,MA,2964
2020,5,MT,1163
2020,5,MS,1314
2020,5,MG,10712
2020,5,PA,4587
2020,5,PB,2736
2020,5,PR,5612
2020,5,PE,8568
2020,5,PI,989
2020,5,RJ,20819
2020,5,RN,1427
2020,5,RS,6983
2020,5,RO,1202
2020,5,RR,309
2020,5,SC,3196
2020,5,SP,29732
2020,5,SE,950
2020,5,TO,490
2020,6,AC,625
2020,6,AL,2408
2020,6,AP,423
2020,6,AM,1569
2020,6,BA,8295
2020,6,CE,5772
2020,6,DF,1676
2020,6,ES,3020
2020,6,GO,3276
2020,6,MA,3225
2020,6,MT,1761
2020,6,MS,1378
2020,6,MG,12521
2020,6,PA,3593
2020,6,PB,2904
2020,6,PR,6481
2020,6,PE,6805
2020,6,PI,1291
2020,6,RJ,14154
2020,6,RN,2064
2020,6,RS,7702
2020,6,RO,576
2020,6,RR,442
2020,6,SC,3637
2020,6,SP,34764
2020,6,SE,1447
2020,6,TO,552
2020,7,AC,473
2020,7,AL,1885
2020,7,AP,402
2020,7,AM,1309
2020,7,BA,9093
2020,7,CE,5031
2020,7,DF,2142
2020,7,ES,2971
2020,7,GO,4376
2020,7,MA,2965
2020,7,MT,2202
2020,7,MS,1672
2020,7,MG,13826
2020,7,PA,3091
2020,7,PB,2831
2020,7,PR,7132
2020,7,PE,6397
2020,7,PI,1370
2020,7,RJ,13018
2020,7,RN,2104
2020,7,RS,9227
2020,7,RO,1028
2020,7,RR,322
2020,7,SC,4450
2020,7,SP,34996
2020,7,SE,1732
2020,7,TO,683
2020,8,AC,414
2020,8,AL,1524
2020,8,AP,287
2020,8,AM,1237
2020,8,BA,8319
2020,8,CE,4075
2020,8,DF,2230
2020,8,ES,2480
2020,8,GO,4430
2020,8,MA,2130
2020,8,MT,1952
2020,8,MS,1826
2020,8,MG,13570
2020,8,PA,2255
2020,8,PB,2491
2020,8,PR,7133
2020,8,PE,5686
2020,8,PI,1267
2020,8,RJ,13074
2020,8,RN,1507
2020,8,RS,9006
2020,8,RO,915
2020,8,RR,86
2020,8,SC,4666
2020,8,SP,31782
2020,8,SE,1452
2020,8,TO,741
